{
  "customMessageBackgroundColor": "#7966fe",
  "sentMessageBackgroundColor": "#7966fe",
  "receivedMessageBackgroundColor": "#FFFFFFFF",
  "sendButtonBackgroundColor": "#7966fe",
  "attachmentIconsBackgroundColor": "#7966fe",
  "channelCustomMessageBgColor": "#cccccc",
  "sentContactMessageTextColor:": "#5fba7d",
  "receivedContactMessageTextColor": "#5fba7d",
  "sentMessageTextColor": "#FFFFFFFF",
  "receivedMessageTextColor": "#000000",
  "messageEditTextTextColor": "#000000",
  "sentMessageLinkTextColor": "#FFFFFFFF",
  "receivedMessageLinkTextColor": "#5fba7d",
  "messageEditTextHintTextColor": "#bdbdbd",
  "noConversationLabelTextColor": "#000000",
  "conversationDateTextColor": "#333333",
  "conversationDayTextColor": "#333333",
  "messageTimeTextColor": "#838b83",
  "channelCustomMessageTextColor": "#666666",
  "sentMessageBorderColor": "#7966fe",
  "receivedMessageBorderColor": "#FFFFFFFF",
  "channelCustomMessageBorderColor": "#cccccc",
  "collapsingToolbarLayoutColor": "#7966fe",
  "groupParticipantsTextColor": "#7966fe",
  "groupDeleteButtonBackgroundColor": "#7966fe",
  "groupExitButtonBackgroundColor": "#7966fe",
  "adminTextColor": "#7966fe",
  "messageSearchOption": false,
  "attachCameraIconName": "applozic_ic_action_camera_new",
  "adminBackgroundColor": "#FFFFFFFF",
  "adminBorderColor": "#7966fe",
  "userNotAbleToChatTextColor": "#000000",
  "audioPermissionNotFoundMsg": "",
  "noConversationLabel": "You have no conversations",
  "noSearchFoundForChatMessages": "No conversation found",
  "disableGlobalStoragePermission": true,
  "enableMessageFastScroll": false,
  "totalRegisteredUserToFetch": 100,
  "maxAttachmentAllowed": 10,
  "maxAttachmentSizeAllowed": 30,
  "totalOnlineUsers": 0,
  "defaultGroupType": 0,
  "conversationContactImageVisibility": true,
  "locationShareViaMap": true,
  "startNewFloatingButton": true,
  "startNewButton": true,
  "onlineStatusMasterList": false,
  "startNewGroup": false,
  "imageCompression": false,
  "inviteFriendsInContactActivity": false,
  "registeredUserContactListCall": true,
  "createAnyContact": false,
  "showActionDialWithOutCalling": false,
  "profileLogoutButton": false,
  "userProfileFragment": true,
  "hideGroupAddMembersButton": true,
  "hideGroupNameUpdateButton": true,
  "hideGroupExitButton": true,
  "hideGroupRemoveMemberOption": false,
  "profileOption": true,
  "broadcastOption": true,
  "restrictedWordMessage": " Please don't use restricted word",
  "restrictedWordRegex": "",
  "hideAttachmentButton": false,
  "groupUsersOnlineStatus": false,
  "launchChatFromProfilePicOrName": true,
  "refreshOption": true,
  "deleteOption": true,
  "deleteMessageOption": true,
  "blockOption": true,
  "muteOption": true,
  "muteUserChatOption": true,
  "replyOption": true,
  "logoutOption": false,
  "showAllDeviceContacts": false,
  "poweredByApplozic": false,
  "logoutPackageName": "",
  "groupDeletePackageName": "",
  "enableImageCompression": false,
  "isContactSearchFromServer": false,
  "messageSearchTextColor": "#ff0000",
  "notificationDisableThreshold": 10,
  "hideGroupDeleteButton": false,
  "showImageOnToolbar": false,
  "enableMessageReport": true,
  "attachmentOptions": {
    ":location": true,
    ":camera": true,
    ":file": true,
    ":audio": true,
    ":video": true,
    ":contact": true
  },
  "filterGallery": {
    "ALL_FILES": true,
    "IMAGE_VIDEO": false,
    "IMAGE_ONLY": false,
    "AUDIO_ONLY": false,
    "VIDEO_ONLY": false
  },
  "hideGroupSubtitle": false,
  "editTextHintText:": "Write a Message..",
  "replyMessageLayoutSentMessageBackground": "#C0C0C0",
  "replyMessageLayoutReceivedMessageBackground": "#F5F5F5",
  "groupInfoScreenVisible": true,
  "forwardOption": true,
  "recordButton": true,
  "messageTemplate": {
    "isEnabled": false,
    "borderColor": "#7966fe",
    "backgroundColor": "#FFFFFF",
    "hideOnSend": false,
    "sendMessageOnClick": true,
    "cornerRadius": 12,
    "textColor": "#7966fe",
    "messageList": {
      "Greetings": "Hey",
      "Help?": "How may I help you?",
      "Email-Id": "May I know your emailId",
      "Company": "May I know your company name?",
      "Platform?": "Is this related to Android, iOS, or web?",
      "Doc?": "Did you follow our doc?"
    },
    "textMessageList": {
      "showOnSenderSide": false,
      "showOnReceiverSide": false,
      "sendMessageOnClick": false,
      "messageList": {
      }
    },
    "imageMessageList": {
      "showOnSenderSide": false,
      "sendMessageOnClick": false,
      "showOnReceiverSide": false,
      "messageList": {
      }
    },
    "videoMessageList": {
      "showOnSenderSide": false,
      "sendMessageOnClick": false,
      "showOnReceiverSide": false,
      "messageList": {
      }
    },
    "audioMessageList": {
      "showOnSenderSide": false,
      "showOnSenderSide": false,
      "sendMessageOnClick": false,
      "showOnReceiverSide": false,
      "messageList": {
      }
    },
    "locationMessageList": {
      "showOnSenderSide": false,
      "sendMessageOnClick": false,
      "showOnReceiverSide": false,
      "messageList": {
      }
    },
    "contactMessageList": {
      "showOnSenderSide": false,
      "sendMessageOnClick": false,
      "showOnReceiverSide": false,
      "messageList": {
      }
    }
  }
}
